Date,Open,High,Low,Close,Volume
2022-01-03 00:00:00,17387.15,17646.65,17383.3,17625.7,0
2022-01-04 00:00:00,17681.4,17827.59,17593.55,17805.25,0
2022-01-05 00:00:00,17820.09,17944.7,17748.84,17925.25,0
2022-01-06 00:00:00,17768.5,17797.95,17655.55,17745.9,0
2022-01-07 00:00:00,17797.59,17905,17704.55,17812.7,0
2022-01-10 00:00:00,17913.3,18017.45,17879.15,18003.3,0
2022-01-11 00:00:00,17997.75,18081.25,17964.4,18055.75,0
2022-01-12 00:00:00,18170.4,18227.95,18128.8,18212.34,0
2022-01-13 00:00:00,18257,18272.25,18163.8,18257.8,0
2022-01-14 00:00:00,18185,18286.95,18119.65,18255.75,0
2022-01-17 00:00:00,18235.65,18321.55,18228.75,18308.09,0
2022-01-18 00:00:00,18337.2,18350.95,18085.9,18113.05,0
2022-01-19 00:00:00,18129.2,18129.2,17884.9,17938.4,0
2022-01-20 00:00:00,17921,17943.7,17648.45,17757,0
2022-01-21 00:00:00,17613.7,17707.59,17485.84,17617.15,0
2022-01-24 00:00:00,17575.15,17599.4,16997.84,17149.09,0
2022-01-25 00:00:00,17001.55,17309.15,16836.8,17277.95,0
2022-01-27 00:00:00,17062,17182.5,16866.75,17110.15,0
2022-01-28 00:00:00,17208.3,17373.5,17077.09,17101.95,0
2022-01-31 00:00:00,17301.05,17410,17264.15,17339.84,0
2022-02-01 00:00:00,17529.45,17622.4,17244.55,17576.84,0
2022-02-02 00:00:00,17706.2,17794.59,17674.8,17780,0
2022-02-03 00:00:00,17767.75,17781.15,17511.15,17560.2,0
2022-02-04 00:00:00,17590.2,17617.8,17462.55,17516.3,0
2022-02-07 00:00:00,17456.3,17536.75,17119.4,17213.59,0
2022-02-08 00:00:00,17279.84,17306.45,17043.65,17266.75,0
2022-02-09 00:00:00,17370.09,17477.15,17339,17463.8,0
2022-02-10 00:00:00,17554.1,17639.45,17427.15,17605.85,0
2022-02-11 00:00:00,17451,17454.75,17303,17374.75,0
2022-02-14 00:00:00,17076.15,17099.5,16809.65,16842.8,0
2022-02-15 00:00:00,16933.25,17375,16839.25,17352.45,0
2022-02-16 00:00:00,17408.45,17490.6,17257.7,17322.2,0
2022-02-17 00:00:00,17396.55,17442.9,17235.85,17304.6,0
2022-02-18 00:00:00,17236.05,17380.8,17219.2,17276.3,0
2022-02-21 00:00:00,17192.25,17351.05,17070.7,17206.65,0
2022-02-22 00:00:00,16847.95,17148.55,16843.8,17092.2,0
2022-02-23 00:00:00,17194.5,17220.7,17027.85,17063.25,0
2022-02-24 00:00:00,16548.9,16705.25,16203.25,16247.95,0
2022-02-25 00:00:00,16515.65,16748.8,16478.3,16658.4,0
2022-02-28 00:00:00,16481.6,16815.9,16356.3,16793.9,0
2022-03-02 00:00:00,16593.1,16678.5,16478.65,16605.95,0
2022-03-03 00:00:00,16723.2,16768.95,16442.95,16498.05,0
2022-03-04 00:00:00,16339.45,16456,16133.8,16245.35,0
2022-03-07 00:00:00,15867.95,15944.6,15711.45,15863.15,0
2022-03-08 00:00:00,15747.75,16028.75,15671.45,16013.45,0
2022-03-09 00:00:00,16078,16418.05,15990,16345.35,0
2022-03-10 00:00:00,16757.1,16757.3,16447.9,16594.9,0
2022-03-11 00:00:00,16528.8,16694.4,16470.9,16630.45,0
2022-03-14 00:00:00,16633.7,16887.95,16606.5,16871.3,0
2022-03-15 00:00:00,16900.65,16927.75,16555,16663,0
2022-03-16 00:00:00,16876.65,16987.9,16837.85,16975.35,0
2022-03-17 00:00:00,17202.9,17344.6,17175.75,17287.05,0
2022-03-21 00:00:00,17329.5,17353.35,17096.4,17117.6,0
2022-03-22 00:00:00,17120.4,17334.4,17006.3,17315.5,0
2022-03-23 00:00:00,17405.05,17442.4,17199.6,17245.65,0
2022-03-24 00:00:00,17094.95,17291.75,17091.15,17222.75,0
2022-03-25 00:00:00,17289,17294.9,17076.55,17153,0
2022-03-28 00:00:00,17181.85,17235.1,17003.9,17222,0
2022-03-29 00:00:00,17297.2,17343.65,17235.7,17325.3,0
2022-03-30 00:00:00,17468.15,17522.5,17387.2,17498.25,0
2022-03-31 00:00:00,17519.2,17559.8,17435.2,17464.75,0
2022-04-01 00:00:00,17436.9,17703.7,17422.7,17670.45,0
2022-04-04 00:00:00,17809.1,18114.65,17791.4,18053.4,0
2022-04-05 00:00:00,18080.6,18095.45,17921.55,17957.4,0
2022-04-06 00:00:00,17842.75,17901,17779.85,17807.65,0
2022-04-07 00:00:00,17723.3,17787.5,17623.7,17639.55,0
2022-04-08 00:00:00,17698.15,17842.75,17600.55,17784.35,0
2022-04-11 00:00:00,17740.9,17779.05,17650.95,17674.95,0
2022-04-12 00:00:00,17584.85,17595.3,17442.35,17530.3,0
2022-04-13 00:00:00,17599.9,17663.65,17457.4,17475.65,0
2022-04-18 00:00:00,17183.45,17237.75,17067.85,17173.65,0
2022-04-19 00:00:00,17258.95,17275.65,16824.7,16958.65,0
2022-04-20 00:00:00,17045.25,17186.9,16978.95,17136.55,0
2022-04-21 00:00:00,17234.6,17414.7,17215.5,17392.6,0
2022-04-22 00:00:00,17242.75,17315.3,17149.2,17171.95,0
2022-04-25 00:00:00,17009.05,17054.3,16888.7,16953.95,0
2022-04-26 00:00:00,17121.3,17223.85,17064.45,17200.8,0
2022-04-27 00:00:00,17073.35,17110.7,16958.45,17038.4,0
2022-04-28 00:00:00,17189.5,17322.5,17071.05,17245.05,0
2022-04-29 00:00:00,17329.25,17377.65,17053.25,17102.55,0
2022-05-02 00:00:00,16924.45,17092.25,16917.25,17069.1,0
2022-05-04 00:00:00,17096.6,17132.85,16623.95,16677.6,0
2022-05-05 00:00:00,16854.75,16945.7,16651.85,16682.65,0
2022-05-06 00:00:00,16415.55,16484.2,16340.9,16411.25,0
2022-05-09 00:00:00,16227.7,16403.7,16142.1,16301.85,0
2022-05-10 00:00:00,16248.9,16404.55,16197.3,16240.05,0
2022-05-11 00:00:00,16270.05,16318.75,15992.6,16167.1,0
2022-05-12 00:00:00,16021.1,16041.95,15735.75,15808,0
2022-05-13 00:00:00,15977,16083.6,15740.85,15782.15,0
2022-05-16 00:00:00,15845.1,15977.95,15739.65,15842.3,0
2022-05-17 00:00:00,15912.6,16284.25,15900.8,16259.3,0
2022-05-18 00:00:00,16318.15,16399.8,16211.2,16240.3,0
2022-05-19 00:00:00,15917.4,15984.75,15775.2,15809.4,0
2022-05-20 00:00:00,16043.8,16283.05,16003.85,16266.15,0
2022-05-23 00:00:00,16290.95,16414.7,16185.75,16214.7,0
2022-05-24 00:00:00,16225.55,16262.8,16078.6,16125.15,0
2022-05-25 00:00:00,16196.35,16223.35,16006.95,16025.8,0
2022-05-26 00:00:00,16105,16204.45,15903.7,16170.15,0
2022-05-27 00:00:00,16296.6,16370.6,16221.95,16352.45,0
2022-05-30 00:00:00,16527.9,16695.5,16506.15,16661.4,0
2022-05-31 00:00:00,16578.45,16690.75,16521.9,16584.55,0
2022-06-01 00:00:00,16594.4,16649.2,16438.85,16522.75,0
2022-06-02 00:00:00,16481.65,16646.4,16443.05,16628,0
2022-06-03 00:00:00,16761.65,16793.85,16567.9,16584.3,0
2022-06-06 00:00:00,16530.7,16610.95,16444.55,16569.55,0
2022-06-07 00:00:00,16469.6,16487.25,16347.1,16416.35,0
2022-06-08 00:00:00,16474.95,16514.3,16293.35,16356.25,0
2022-06-09 00:00:00,16263.85,16492.8,16243.85,16478.1,0
2022-06-10 00:00:00,16283.95,16324.7,16172.6,16201.8,0
2022-06-13 00:00:00,15877.55,15886.15,15684,15774.4,0
2022-06-14 00:00:00,15674.25,15858,15659.45,15732.1,0
2022-06-15 00:00:00,15729.25,15783.65,15678.9,15692.15,0
2022-06-16 00:00:00,15832.25,15863.15,15335.1,15360.6,0
2022-06-17 00:00:00,15272.65,15400.4,15183.4,15293.5,0
2022-06-20 00:00:00,15334.5,15382.5,15191.1,15350.15,0
2022-06-21 00:00:00,15455.95,15707.25,15419.85,15638.8,0
2022-06-22 00:00:00,15545.65,15565.4,15385.95,15413.3,0
2022-06-23 00:00:00,15451.55,15628.45,15367.5,15556.65,0
2022-06-24 00:00:00,15657.4,15749.25,15619.45,15699.25,0
2022-06-27 00:00:00,15926.2,15927.45,15815.5,15832.05,0
2022-06-28 00:00:00,15757.45,15892.1,15710.15,15850.2,0
2022-06-29 00:00:00,15701.7,15861.6,15687.8,15799.1,0
2022-06-30 00:00:00,15774.5,15890,15728.85,15780.25,0
2022-07-01 00:00:00,15703.7,15793.95,15511.05,15752.05,0
2022-07-04 00:00:00,15710.5,15852.35,15661.8,15835.35,0
2022-07-05 00:00:00,15909.15,16025.75,15785.45,15810.85,0
2022-07-06 00:00:00,15818.2,16011.35,15800.9,15989.8,0
2022-07-07 00:00:00,16113.75,16150.5,16045.95,16132.9,0
2022-07-08 00:00:00,16273.65,16275.5,16157.9,16220.6,0
2022-07-11 00:00:00,16136.15,16248.55,16115.5,16216,0
2022-07-12 00:00:00,16126.2,16158.75,16031.15,16058.3,0
2022-07-13 00:00:00,16128.2,16140,15950.15,15966.65,0
2022-07-14 00:00:00,16018.85,16070.85,15858.2,15938.65,0
2022-07-15 00:00:00,16010.8,16066.95,15927.3,16049.2,0
2022-07-18 00:00:00,16151.4,16287.95,16142.2,16278.5,0
2022-07-19 00:00:00,16187.05,16359.5,16187.05,16340.55,0
2022-07-20 00:00:00,16562.8,16588,16490.95,16520.85,0
2022-07-21 00:00:00,16523.55,16626.95,16483.9,16605.25,0
2022-07-22 00:00:00,16661.25,16752.25,16610.9,16719.45,0
2022-07-25 00:00:00,16662.55,16706.05,16564.25,16631,0
2022-07-26 00:00:00,16632.9,16636.1,16463.3,16483.85,0
2022-07-27 00:00:00,16475.35,16653.45,16438.75,16641.8,0
2022-07-28 00:00:00,16774.85,16947.65,16746.25,16929.6,0
2022-07-29 00:00:00,17079.5,17172.8,17018.15,17158.25,0
2022-08-01 00:00:00,17243.2,17356.25,17154.8,17340.05,0
2022-08-02 00:00:00,17310.15,17390.15,17215.85,17345.45,0
2022-08-03 00:00:00,17349.25,17407.5,17225.85,17388.15,0
2022-08-04 00:00:00,17463.1,17490.7,17161.25,17382,0
2022-08-05 00:00:00,17423.65,17474.4,17348.75,17397.5,0
2022-08-08 00:00:00,17401.5,17548.8,17359.75,17525.1,0
2022-08-10 00:00:00,17566.1,17566.1,17442.8,17534.75,0
2022-08-11 00:00:00,17711.65,17719.3,17631.95,17659,0
2022-08-12 00:00:00,17659.65,17724.65,17597.85,17698.15,0
2022-08-16 00:00:00,17797.2,17839.1,17764.05,17825.25,0
2022-08-17 00:00:00,17868.15,17965.95,17833.35,17944.25,0
2022-08-18 00:00:00,17898.65,17968.45,17852.05,17956.5,0
2022-08-19 00:00:00,17966.55,17992.2,17710.75,17758.45,0
2022-08-22 00:00:00,17682.9,17690.05,17467.35,17490.7,0
2022-08-23 00:00:00,17357.35,17625.55,17345.2,17577.5,0
2022-08-24 00:00:00,17525.45,17623.65,17499.25,17604.95,0
2022-08-25 00:00:00,17679,17726.5,17487.45,17522.45,0
2022-08-26 00:00:00,17619.3,17685.85,17519.35,17558.9,0
2022-08-29 00:00:00,17188.65,17380.15,17166.2,17312.9,0
2022-08-30 00:00:00,17414.95,17777.65,17401.5,17759.3,0
2022-09-01 00:00:00,17485.7,17695.6,17468.45,17542.8,0
2022-09-02 00:00:00,17598.4,17643.85,17476.45,17539.45,0
2022-09-05 00:00:00,17546.45,17683.15,17540.35,17665.8,0
2022-09-06 00:00:00,17695.7,17764.65,17587.65,17655.6,0
2022-09-07 00:00:00,17519.4,17650.75,17484.3,17624.4,0
2022-09-08 00:00:00,17748.15,17807.65,17691.95,17798.75,0
2022-09-09 00:00:00,17923.35,17925.95,17786,17833.35,0
2022-09-12 00:00:00,17890.85,17980.55,17889.15,17936.35,0
2022-09-13 00:00:00,18044.45,18088.3,18015.45,18070.05,0
2022-09-14 00:00:00,17771.15,18091.55,17771.15,18003.75,0
2022-09-15 00:00:00,18046.35,18096.15,17861.5,17877.4,0
2022-09-16 00:00:00,17796.8,17820.05,17497.25,17530.85,0
2022-09-19 00:00:00,17540.65,17667.2,17429.7,17622.25,0
2022-09-20 00:00:00,17770.4,17919.3,17744.4,17816.25,0
2022-09-21 00:00:00,17766.35,17838.7,17663.6,17718.35,0
2022-09-22 00:00:00,17609.65,17722.75,17532.45,17629.8,0
2022-09-23 00:00:00,17593.85,17642.15,17291.65,17327.35,0
2022-09-26 00:00:00,17156.3,17196.4,16978.3,17016.3,0
2022-09-27 00:00:00,17110.9,17176.45,16942.35,17007.4,0
2022-09-28 00:00:00,16870.55,17037.6,16820.4,16858.6,0
2022-09-29 00:00:00,16993.6,17026.05,16788.6,16818.1,0
2022-09-30 00:00:00,16798.05,17187.1,16747.7,17094.35,0
2022-10-03 00:00:00,17102.1,17114.65,16855.55,16887.35,0
2022-10-04 00:00:00,17147.45,17287.3,17117.3,17274.3,0
2022-10-06 00:00:00,17379.25,17428.8,17315.65,17331.8,0
2022-10-07 00:00:00,17287.2,17337.35,17216.95,17314.65,0
2022-10-10 00:00:00,17094.35,17280.15,17064.7,17241,0
2022-10-11 00:00:00,17256.05,17261.8,16950.3,16983.55,0
2022-10-12 00:00:00,17025.55,17142.35,16960.05,17123.6,0
2022-10-13 00:00:00,17087.35,17112.35,16956.95,17014.35,0
2022-10-14 00:00:00,17322.3,17348.55,17169.75,17185.7,0
2022-10-17 00:00:00,17144.8,17328.55,17098.55,17311.8,0
2022-10-18 00:00:00,17438.75,17527.8,17434.05,17486.95,0
2022-10-19 00:00:00,17568.15,17607.6,17472.85,17512.25,0
2022-10-20 00:00:00,17423.1,17584.15,17421,17563.95,0
2022-10-21 00:00:00,17622.85,17670.15,17520.75,17576.3,0
2022-10-24 00:00:00,17736.35,17777.55,17707.4,17730.75,0
2022-10-25 00:00:00,17808.3,17811.5,17637,17656.35,0
2022-10-27 00:00:00,17771.4,17783.9,17654.5,17736.95,0
2022-10-28 00:00:00,17756.4,17838.9,17723.7,17786.8,0
2022-10-31 00:00:00,17910.2,18022.8,17899.9,18012.2,0
2022-11-01 00:00:00,18130.7,18175.8,18060.15,18145.4,0
2022-11-02 00:00:00,18177.9,18178.75,18048.65,18082.85,0
2022-11-03 00:00:00,17968.35,18106.3,17959.2,18052.7,0
2022-11-04 00:00:00,18053.4,18135.1,18017.15,18117.15,0
2022-11-07 00:00:00,18211.75,18255.5,18064.75,18202.8,0
2022-11-09 00:00:00,18288.25,18296.4,18117.5,18157,0
2022-11-10 00:00:00,18044.35,18103.1,17969.4,18028.2,0
2022-11-11 00:00:00,18272.35,18362.3,18259.35,18349.7,0
2022-11-14 00:00:00,18376.4,18399.45,18311.4,18329.15,0
2022-11-15 00:00:00,18362.75,18427.95,18282,18403.4,0
2022-11-16 00:00:00,18398.25,18442.15,18344.15,18409.65,0
2022-11-17 00:00:00,18358.7,18417.6,18312.95,18343.9,0
2022-11-18 00:00:00,18382.95,18394.6,18209.8,18307.65,0
2022-11-21 00:00:00,18246.4,18262.3,18133.35,18159.95,0
2022-11-22 00:00:00,18179.15,18261.85,18137.7,18244.2,0
2022-11-23 00:00:00,18325.2,18325.4,18246,18267.25,0
2022-11-24 00:00:00,18326.1,18529.7,18294.25,18484.1,0
2022-11-25 00:00:00,18528.45,18534.9,18445.1,18512.75,0
2022-11-28 00:00:00,18430.55,18614.25,18365.6,18562.75,0
2022-11-29 00:00:00,18552.45,18678.1,18552.15,18618.05,0
2022-11-30 00:00:00,18625.7,18816.05,18616.55,18758.35,0
2022-12-01 00:00:00,18871.95,18887.6,18778.2,18812.5,0
2022-12-02 00:00:00,18752.4,18781.95,18639.2,18696.1,0
2022-12-05 00:00:00,18719.55,18728.6,18591.35,18701.05,0
2022-12-06 00:00:00,18600.65,18654.9,18577.9,18642.75,0
2022-12-07 00:00:00,18638.85,18668.3,18528.4,18560.5,0
2022-12-08 00:00:00,18570.85,18625,18536.95,18609.35,0
2022-12-09 00:00:00,18662.4,18664.7,18410.1,18496.6,0
2022-12-12 00:00:00,18402.15,18521.55,18345.7,18497.15,0
2022-12-13 00:00:00,18524.4,18617.25,18490.2,18608,0
2022-12-14 00:00:00,18671.25,18696.1,18632.9,18660.3,0
2022-12-15 00:00:00,18614.4,18652.9,18387.7,18414.9,0
2022-12-16 00:00:00,18319.1,18440.95,18255.15,18269,0
2022-12-19 00:00:00,18288.1,18431.65,18244.55,18420.45,0
2022-12-20 00:00:00,18340.3,18404.9,18202.65,18385.3,0
2022-12-21 00:00:00,18435.15,18473.35,18162.75,18199.1,0
2022-12-22 00:00:00,18288.8,18318.75,18068.6,18127.35,0
2022-12-23 00:00:00,17977.65,18050.45,17779.5,17806.8,0
2022-12-26 00:00:00,17830.4,18084.1,17774.25,18014.6,0
2022-12-27 00:00:00,18089.8,18149.25,17967.45,18132.3,0
2022-12-28 00:00:00,18084.75,18173.1,18068.35,18122.5,0
2022-12-29 00:00:00,18045.7,18229.7,17992.8,18191,0
2022-12-30 00:00:00,18259.1,18265.25,18080.3,18105.3,0
2023-01-02 00:00:00,18131.7,18215.15,18086.5,18197.45,0
2023-01-03 00:00:00,18163.2,18251.95,18149.8,18232.55,0
2023-01-04 00:00:00,18230.65,18243,18020.6,18042.95,0
2023-01-05 00:00:00,18101.95,18120.3,17892.6,17992.15,0
2023-01-06 00:00:00,18008.05,18047.4,17795.55,17859.45,0
2023-01-09 00:00:00,17952.55,18141.4,17936.15,18101.2,0
2023-01-10 00:00:00,18121.3,18127.6,17856,17914.15,0
2023-01-11 00:00:00,17924.25,17976.35,17824.35,17895.7,0
2023-01-12 00:00:00,17920.85,17945.8,17761.65,17858.2,0
2023-01-13 00:00:00,17867.5,17999.35,17774.25,17956.6,0
2023-01-16 00:00:00,18033.15,18049.65,17853.65,17894.85,0
2023-01-17 00:00:00,17922.8,18072.05,17886.95,18053.3,0
2023-01-18 00:00:00,18074.3,18183.75,18032.45,18165.35,0
2023-01-19 00:00:00,18119.8,18155.2,18063.75,18107.85,0
2023-01-20 00:00:00,18115.6,18145.45,18016.2,18027.65,0
2023-01-23 00:00:00,18118.45,18162.6,18063.45,18118.55,0
2023-01-24 00:00:00,18183.95,18201.25,18078.65,18118.3,0
2023-01-25 00:00:00,18093.35,18100.6,17846.15,17891.95,0
2023-01-27 00:00:00,17877.2,17884.75,17493.55,17604.35,0
2023-01-30 00:00:00,17541.95,17709.15,17405.55,17648.95,0
2023-01-31 00:00:00,17731.45,17735.7,17537.55,17662.15,0
2023-02-01 00:00:00,17811.6,17972.2,17353.4,17616.3,0
2023-02-02 00:00:00,17517.1,17653.9,17445.95,17610.4,0
2023-02-03 00:00:00,17721.75,17870.3,17584.2,17854.05,0
2023-02-06 00:00:00,17818.55,17823.7,17698.35,17764.6,0
2023-02-07 00:00:00,17790.1,17811.15,17652.55,17721.5,0
2023-02-08 00:00:00,17750.3,17898.7,17744.15,17871.7,0
2023-02-09 00:00:00,17885.5,17916.9,17779.8,17893.45,0
2023-02-10 00:00:00,17847.55,17876.95,17801,17856.5,0
2023-02-13 00:00:00,17859.1,17880.7,17719.75,17770.9,0
2023-02-14 00:00:00,17840.35,17954.55,17800.05,17929.85,0
2023-02-15 00:00:00,17896.6,18034.1,17853.8,18015.85,0
2023-02-16 00:00:00,18094.75,18134.75,18000.65,18035.85,0
2023-02-17 00:00:00,17974.85,18034.25,17884.6,17944.2,0
2023-02-20 00:00:00,17965.55,18004.35,17818.4,17844.6,0
2023-02-21 00:00:00,17905.8,17924.9,17800.3,17826.7,0
2023-02-22 00:00:00,17755.35,17772.5,17529.45,17554.3,0
2023-02-23 00:00:00,17574.65,17620.05,17455.4,17511.25,0
2023-02-24 00:00:00,17591.35,17599.75,17421.8,17465.8,0
2023-02-27 00:00:00,17428.6,17451.6,17299,17392.7,0
2023-02-28 00:00:00,17383.25,17440.45,17255.2,17303.95,0
2023-03-01 00:00:00,17360.1,17467.75,17345.25,17450.9,0
2023-03-02 00:00:00,17421.5,17445.8,17306,17321.9,0
2023-03-03 00:00:00,17451.25,17644.75,17427.7,17594.35,0
2023-03-06 00:00:00,17680.35,17799.95,17671.95,17711.45,0
2023-03-08 00:00:00,17665.75,17766.5,17602.25,17754.4,0
2023-03-09 00:00:00,17772.05,17772.35,17573.6,17589.6,0
2023-03-10 00:00:00,17443.8,17451.5,17324.35,17412.9,0
2023-03-13 00:00:00,17421.9,17529.9,17113.45,17154.3,0
2023-03-14 00:00:00,17160.55,17224.65,16987.1,17043.3,0
2023-03-15 00:00:00,17166.45,17211.35,16938.9,16972.15,0
2023-03-16 00:00:00,16994.65,17062.45,16850.15,16985.6,0
2023-03-17 00:00:00,17111.8,17145.8,16958.15,17100.05,0
2023-03-20 00:00:00,17066.6,17066.6,16828.35,16988.4,0
2023-03-21 00:00:00,17060.4,17127.7,17016,17107.5,0
2023-03-22 00:00:00,17177.45,17207.25,17107.85,17151.9,0
2023-03-23 00:00:00,17097.4,17205.4,17045.3,17076.9,0
2023-03-24 00:00:00,17076.2,17109.45,16917.35,16945.05,0
2023-03-27 00:00:00,16984.3,17091,16918.55,16985.7,0
2023-03-28 00:00:00,17031.75,17061.75,16913.75,16951.7,0
2023-03-29 00:00:00,16977.3,17126.15,16940.6,17080.7,0
2023-03-31 00:00:00,17210.35,17381.6,17204.65,17359.75,0
2023-04-03 00:00:00,17427.95,17428.05,17312.75,17398.05,0
2023-04-05 00:00:00,17422.3,17570.55,17402.7,17557.05,0
2023-04-06 00:00:00,17533.85,17638.7,17502.85,17599.15,0
2023-04-10 00:00:00,17634.9,17694.1,17597.95,17624.05,0
2023-04-11 00:00:00,17704.8,17748.75,17655.15,17722.3,0
2023-04-12 00:00:00,17759.55,17825.75,17717.25,17812.4,0
2023-04-13 00:00:00,17807.3,17842.15,17729.65,17828,0
2023-04-17 00:00:00,17863,17863,17574.05,17706.85,0
2023-04-18 00:00:00,17766.6,17766.6,17610.2,17660.15,0
2023-04-19 00:00:00,17653.35,17666.15,17579.85,17618.75,0
2023-04-20 00:00:00,17638.6,17684.45,17584.35,17624.45,0
2023-04-21 00:00:00,17639.75,17663.2,17553.95,17624.05,0
2023-04-24 00:00:00,17707.55,17754.5,17612.5,17743.4,0
2023-04-25 00:00:00,17761.55,17807.45,17716.85,17769.25,0
2023-04-26 00:00:00,17767.3,17827.75,17711.2,17813.6,0
2023-04-27 00:00:00,17813.1,17931.6,17797.9,17915.05,0
2023-04-28 00:00:00,17950.4,18089.15,17885.3,18065,0
2023-05-02 00:00:00,18124.8,18180.25,18101.75,18147.65,0
2023-05-03 00:00:00,18113.8,18116.35,18042.4,18089.85,0
2023-05-04 00:00:00,18081,18267.45,18066.7,18255.8,0
2023-05-05 00:00:00,18117.3,18216.95,18055.45,18069,0
2023-05-08 00:00:00,18120.6,18286.95,18100.3,18264.4,0
2023-05-09 00:00:00,18303.4,18344.2,18229.65,18265.95,0
2023-05-10 00:00:00,18313.6,18326.75,18211.95,18315.1,0
2023-05-11 00:00:00,18357.8,18389.7,18270.4,18297,0
2023-05-12 00:00:00,18273.75,18342.75,18194.55,18314.8,0
2023-05-15 00:00:00,18339.3,18458.9,18287.9,18398.85,0
2023-05-16 00:00:00,18432.35,18432.35,18264.35,18286.5,0
2023-05-17 00:00:00,18300.45,18309,18115.35,18181.75,0
2023-05-18 00:00:00,18287.5,18297.2,18104.85,18129.95,0
2023-05-19 00:00:00,18186.15,18218.1,18060.4,18203.4,0
2023-05-22 00:00:00,18201.1,18335.25,18178.85,18314.4,0
2023-05-23 00:00:00,18362.9,18419.75,18324.2,18348,0
2023-05-24 00:00:00,18294.8,18392.6,18262.95,18285.4,0
2023-05-25 00:00:00,18268.9,18338.1,18202.4,18321.15,0
2023-05-26 00:00:00,18368.35,18508.55,18333.15,18499.35,0
2023-05-29 00:00:00,18619.15,18641.2,18581.25,18598.65,0
2023-05-30 00:00:00,18606.65,18662.45,18575.5,18633.85,0
2023-05-31 00:00:00,18594.2,18603.9,18483.85,18534.4,0
2023-06-01 00:00:00,18579.4,18580.3,18464.55,18487.75,0
2023-06-02 00:00:00,18550.85,18573.7,18478.4,18534.1,0
2023-06-05 00:00:00,18612,18640.15,18582.8,18593.85,0
2023-06-06 00:00:00,18600.8,18622.75,18531.6,18599,0
2023-06-07 00:00:00,18665.6,18738.95,18636,18726.4,0
2023-06-08 00:00:00,18725.35,18777.9,18615.6,18634.55,0
2023-06-09 00:00:00,18655.9,18676.65,18555.4,18563.4,0
2023-06-12 00:00:00,18595.05,18633.6,18559.75,18601.5,0
2023-06-13 00:00:00,18631.8,18728.9,18631.8,18716.15,0
2023-06-14 00:00:00,18744.6,18769.7,18690,18755.9,0
2023-06-15 00:00:00,18774.45,18794.1,18669.05,18688.1,0
2023-06-16 00:00:00,18723.3,18864.7,18710.5,18826,0
2023-06-19 00:00:00,18873.3,18881.45,18719.15,18755.45,0
2023-06-20 00:00:00,18752.35,18839.7,18660.65,18816.7,0
2023-06-21 00:00:00,18849.4,18875.9,18794.85,18856.85,0
2023-06-22 00:00:00,18853.6,18886.6,18759.5,18771.25,0
2023-06-23 00:00:00,18741.85,18756.4,18647.1,18665.5,0
2023-06-26 00:00:00,18682.35,18722.05,18646.7,18691.2,0
2023-06-27 00:00:00,18748.55,18829.25,18714.25,18817.4,0
2023-06-28 00:00:00,18908.15,19011.25,18861.35,18972.1,0
2023-06-30 00:00:00,19076.85,19201.7,19024.6,19189.05,0
2023-07-03 00:00:00,19246.5,19345.1,19234.4,19322.55,0
2023-07-04 00:00:00,19406.6,19434.15,19300,19389,0
2023-07-05 00:00:00,19405.95,19421.6,19339.6,19398.5,0
2023-07-06 00:00:00,19385.7,19512.2,19373,19497.3,0
2023-07-07 00:00:00,19422.8,19523.6,19303.6,19331.8,0
2023-07-10 00:00:00,19400.35,19435.85,19327.1,19355.9,0
2023-07-11 00:00:00,19427.1,19515.1,19406.45,19439.4,0
2023-07-12 00:00:00,19497.45,19507.7,19361.75,19384.3,0
2023-07-13 00:00:00,19495.2,19567,19385.8,19413.75,0
2023-07-14 00:00:00,19493.45,19595.35,19433.5,19564.5,0
2023-07-17 00:00:00,19612.15,19731.85,19562.95,19711.45,0
2023-07-18 00:00:00,19787.5,19819.45,19690.2,19749.25,0
2023-07-19 00:00:00,19802.95,19851.7,19727.45,19833.15,0
2023-07-20 00:00:00,19831.7,19991.85,19758.4,19979.15,0
2023-07-21 00:00:00,19800.45,19887.4,19700,19745,0
2023-07-24 00:00:00,19748.45,19782.75,19658.3,19672.35,0
2023-07-25 00:00:00,19729.35,19729.35,19615.95,19680.6,0
2023-07-26 00:00:00,19733.35,19825.6,19716.7,19778.3,0
2023-07-27 00:00:00,19850.9,19867.55,19603.55,19659.9,0
2023-07-28 00:00:00,19659.75,19695.9,19563.1,19646.05,0
2023-07-31 00:00:00,19666.35,19772.75,19597.6,19753.8,0
2023-08-01 00:00:00,19784,19795.6,19704.6,19733.55,0
2023-08-02 00:00:00,19655.4,19678.25,19423.55,19526.55,0
2023-08-03 00:00:00,19463.75,19537.65,19296.45,19381.65,0
2023-08-04 00:00:00,19462.8,19538.85,19436.45,19517,0
2023-08-07 00:00:00,19576.85,19620.45,19524.8,19597.3,0
2023-08-08 00:00:00,19627.2,19634.4,19533.1,19570.85,0
2023-08-09 00:00:00,19578.8,19645.5,19467.5,19632.55,0
2023-08-10 00:00:00,19605.55,19623.6,19495.4,19543.1,0
2023-08-11 00:00:00,19554.25,19557.75,19412.75,19428.3,0
2023-08-14 00:00:00,19383.95,19465.85,19257.9,19434.55,0
2023-08-16 00:00:00,19369,19482.75,19317.2,19465,0
2023-08-17 00:00:00,19450.55,19461.55,19326.25,19365.25,0
2023-08-18 00:00:00,19301.75,19373.8,19253.6,19310.15,0
2023-08-21 00:00:00,19320.65,19425.95,19296.3,19393.6,0
2023-08-22 00:00:00,19417.1,19443.5,19381.3,19396.45,0
2023-08-23 00:00:00,19439.2,19472.05,19366.6,19444,0
2023-08-24 00:00:00,19535.15,19584.45,19369,19386.7,0
2023-08-25 00:00:00,19297.4,19339.55,19229.7,19265.8,0
2023-08-28 00:00:00,19298.35,19366.85,19249.7,19306.05,0
2023-08-29 00:00:00,19374.85,19377.9,19309.1,19342.65,0
2023-08-30 00:00:00,19433.45,19452.8,19334.75,19347.45,0
2023-08-31 00:00:00,19375.55,19388.2,19223.65,19253.8,0
2023-09-01 00:00:00,19258.15,19458.55,19255.7,19435.3,0
2023-09-04 00:00:00,19525.05,19545.15,19432.85,19528.8,0
2023-09-05 00:00:00,19564.65,19587.05,19525.75,19574.9,0
2023-09-06 00:00:00,19581.2,19636.45,19491.5,19611.05,0
2023-09-07 00:00:00,19598.65,19737,19550.05,19727.05,0
2023-09-08 00:00:00,19774.8,19867.15,19727.05,19819.95,0
2023-09-11 00:00:00,19890,20008.15,19865.35,19996.35,0
2023-09-12 00:00:00,20110.15,20110.35,19914.65,19993.2,0
2023-09-13 00:00:00,19989.5,20096.9,19944.1,20070,0
2023-09-14 00:00:00,20127.95,20167.65,20043.45,20103.1,0
2023-09-15 00:00:00,20156.45,20222.45,20129.7,20192.35,0
2023-09-18 00:00:00,20155.95,20195.35,20115.7,20133.3,0
2023-09-20 00:00:00,19980.75,20050.65,19878.85,19901.4,0
2023-09-21 00:00:00,19840.55,19848.75,19709.95,19742.35,0
2023-09-22 00:00:00,19744.85,19798.65,19657.5,19674.25,0
2023-09-25 00:00:00,19678.2,19734.15,19601.55,19674.55,0
2023-09-26 00:00:00,19682.8,19699.35,19637.45,19664.7,0
2023-09-27 00:00:00,19637.05,19730.7,19554,19716.45,0
2023-09-28 00:00:00,19761.8,19766.65,19492.1,19523.55,0
2023-09-29 00:00:00,19581.2,19726.25,19551.05,19638.3,0
2023-10-03 00:00:00,19622.4,19623.2,19479.65,19528.75,0
2023-10-04 00:00:00,19446.3,19457.8,19333.6,19436.1,0
2023-10-05 00:00:00,19521.85,19576.95,19487.3,19545.75,0
2023-10-06 00:00:00,19621.2,19675.75,19589.4,19653.5,0
2023-10-09 00:00:00,19539.45,19588.95,19480.5,19512.35,0
2023-10-10 00:00:00,19565.6,19717.8,19565.45,19689.85,0
2023-10-11 00:00:00,19767,19839.2,19756.95,19811.35,0
2023-10-12 00:00:00,19822.7,19843.3,19772.65,19794,0
2023-10-13 00:00:00,19654.55,19805.4,19635.3,19751.05,0
2023-10-16 00:00:00,19737.25,19781.3,19691.85,19731.75,0
2023-10-17 00:00:00,19843.2,19849.75,19775.65,19811.5,0
2023-10-18 00:00:00,19820.45,19840.95,19659.95,19671.1,0
2023-10-19 00:00:00,19545.2,19681.8,19512.35,19624.7,0
2023-10-20 00:00:00,19542.15,19593.8,19518.7,19542.65,0
2023-10-23 00:00:00,19521.6,19556.85,19257.85,19281.75,0
2023-10-25 00:00:00,19286.45,19347.3,19074.15,19122.15,0
2023-10-26 00:00:00,19027.25,19041.7,18837.85,18857.25,0
2023-10-27 00:00:00,18928.75,19076.15,18926.65,19047.25,0
2023-10-30 00:00:00,19053.4,19158.5,18940,19140.9,0
2023-10-31 00:00:00,19232.95,19233.7,19056.45,19079.6,0
2023-11-01 00:00:00,19064.05,19096.05,18973.7,18989.15,0
2023-11-02 00:00:00,19120,19175.25,19064.15,19133.25,0
2023-11-03 00:00:00,19241,19276.25,19210.9,19230.6,0
2023-11-06 00:00:00,19345.85,19423,19309.7,19411.75,0
2023-11-07 00:00:00,19404.05,19423.5,19329.1,19406.7,0
2023-11-08 00:00:00,19449.6,19464.4,19401.5,19443.5,0
2023-11-09 00:00:00,19457.4,19463.9,19378.35,19395.3,0
2023-11-10 00:00:00,19351.85,19451.3,19329.45,19425.35,0
2023-11-12 00:00:00,19547.25,19547.25,19510.25,19525.55,0
2023-11-13 00:00:00,19486.75,19494.4,19414.75,19443.55,0
2023-11-15 00:00:00,19651.4,19693.2,19579.65,19675.45,0
2023-11-16 00:00:00,19674.7,19875.25,19627,19765.2,0
2023-11-17 00:00:00,19674.75,19806,19667.45,19731.8,0
2023-11-20 00:00:00,19731.15,19756.45,19670.5,19694,0
2023-11-21 00:00:00,19770.9,19829.1,19754.05,19783.4,0
2023-11-22 00:00:00,19784,19825.55,19703.85,19811.85,0
2023-11-23 00:00:00,19828.45,19875.15,19786.75,19802,0
2023-11-24 00:00:00,19809.6,19832.85,19768.85,19794.7,0
2023-11-28 00:00:00,19844.65,19916.85,19800,19889.7,0
2023-11-29 00:00:00,19976.55,20104.65,19956.3,20096.6,0
2023-11-30 00:00:00,20108.5,20158.7,20015.85,20133.15,0
2023-12-01 00:00:00,20194.1,20291.55,20183.7,20267.9,0
2023-12-04 00:00:00,20601.95,20702.65,20507.75,20686.8,0
2023-12-05 00:00:00,20808.9,20864.05,20711.15,20855.1,0
2023-12-06 00:00:00,20950.75,20961.95,20852.15,20937.7,0
2023-12-07 00:00:00,20932.4,20941.25,20850.8,20901.15,0
2023-12-08 00:00:00,20934.1,21006.1,20862.7,20969.4,0
2023-12-11 00:00:00,20965.3,21026.1,20923.7,20997.1,0
2023-12-12 00:00:00,21018.55,21037.9,20867.15,20906.4,0
2023-12-13 00:00:00,20929.75,20950,20769.5,20926.35,0
2023-12-14 00:00:00,21110.4,21210.9,21074.45,21182.7,0
2023-12-15 00:00:00,21287.45,21492.3,21235.3,21456.65,0
2023-12-18 00:00:00,21434.8,21482.8,21365.35,21418.65,0
2023-12-19 00:00:00,21477.65,21505.05,21337.75,21453.1,0
2023-12-20 00:00:00,21543.5,21593,21087.35,21150.15,0
2023-12-21 00:00:00,21033.95,21288.35,20976.8,21255.05,0
2023-12-22 00:00:00,21295.85,21390.5,21232.45,21349.4,0
2023-12-26 00:00:00,21365.2,21477.15,21329.45,21441.35,0
2023-12-27 00:00:00,21497.65,21675.75,21495.8,21654.75,0
2023-12-28 00:00:00,21715,21801.45,21678,21778.7,0
2023-12-29 00:00:00,21737.65,21770.3,21676.9,21731.4,0
2024-01-01 00:00:00,21727.75,21834.35,21680.85,21741.9,0
2024-01-02 00:00:00,21751.35,21755.6,21555.65,21665.8,0
2024-01-03 00:00:00,21661.1,21677,21500.35,21517.35,0
2024-01-04 00:00:00,21605.8,21685.65,21564.55,21658.6,0
2024-01-05 00:00:00,21705.75,21749.6,21629.2,21710.8,0
2024-01-08 00:00:00,21747.6,21763.95,21492.9,21513,0
2024-01-09 00:00:00,21653.6,21724.45,21517.85,21544.85,0
2024-01-10 00:00:00,21529.3,21641.85,21448.65,21618.7,0
2024-01-11 00:00:00,21688,21726.5,21593.75,21647.2,0
2024-01-12 00:00:00,21773.55,21928.25,21715.15,21894.55,0
2024-01-15 00:00:00,22053.15,22115.55,21963.55,22097.45,0
2024-01-16 00:00:00,22080.5,22124.15,21969.8,22032.3,0
2024-01-17 00:00:00,21647.25,21851.5,21550.45,21571.95,0
2024-01-18 00:00:00,21414.2,21539.4,21285.55,21462.25,0
2024-01-19 00:00:00,21615.2,21670.6,21575,21622.4,0
2024-01-20 00:00:00,21706.15,21720.3,21541.8,21571.8,0
2024-01-23 00:00:00,21716.7,21750.25,21192.6,21238.8,0
2024-01-24 00:00:00,21185.25,21482.35,21137.2,21453.95,0
2024-01-25 00:00:00,21454.6,21459,21247.05,21352.6,0
2024-01-29 00:00:00,21433.1,21763.25,21429.6,21737.6,0
2024-01-30 00:00:00,21775.75,21813.05,21501.8,21522.1,0
2024-01-31 00:00:00,21487.25,21741.35,21448.85,21725.7,0
2024-02-01 00:00:00,21780.65,21832.95,21658.75,21697.45,0
2024-02-02 00:00:00,21812.75,22126.8,21805.55,21853.8,0
2024-02-05 00:00:00,21921.05,21964.3,21726.95,21771.7,0
2024-02-06 00:00:00,21825.2,21951.4,21737.55,21929.4,0
2024-02-07 00:00:00,22045.05,22053.3,21860.15,21930.5,0
2024-02-08 00:00:00,22009.65,22011.05,21665.3,21717.95,0
2024-02-09 00:00:00,21727,21804.45,21629.9,21782.5,0
2024-02-12 00:00:00,21800.8,21831.7,21574.75,21616.05,0
2024-02-13 00:00:00,21664.3,21766.8,21543.35,21743.25,0
2024-02-14 00:00:00,21578.15,21870.85,21530.2,21840.05,0
2024-02-15 00:00:00,21906.55,21953.85,21794.8,21910.75,0
2024-02-16 00:00:00,22020.3,22068.65,21968.95,22040.7,0
2024-02-19 00:00:00,22103.45,22186.65,22021.05,22122.25,0
2024-02-20 00:00:00,22099.2,22215.6,22045.85,22196.95,0
2024-02-21 00:00:00,22248.85,22249.4,21997.95,22055.05,0
2024-02-22 00:00:00,22081.55,22252.5,21875.25,22217.45,0
2024-02-23 00:00:00,22290,22297.5,22186.1,22212.7,0
2024-02-26 00:00:00,22169.2,22202.15,22075.15,22122.05,0
2024-02-27 00:00:00,22090.2,22218.25,22085.65,22198.35,0
2024-02-28 00:00:00,22214.1,22229.15,21915.85,21951.15,0
2024-02-29 00:00:00,21935.2,22060.55,21860.65,21982.8,0
2024-03-01 00:00:00,22048.3,22353.3,22047.75,22338.75,0
2024-03-02 00:00:00,22406.95,22419.55,22367.05,22378.4,0
2024-03-04 00:00:00,22403.5,22440.9,22358.3,22405.6,0
2024-03-05 00:00:00,22371.25,22416.9,22269.15,22356.3,0
2024-03-06 00:00:00,22327.5,22497.2,22224.35,22474.05,0
2024-03-07 00:00:00,22505.3,22525.65,22430,22493.55,0
2024-03-11 00:00:00,22517.5,22526.6,22307.25,22332.65,0
2024-03-12 00:00:00,22334.45,22452.55,22256,22335.7,0
2024-03-13 00:00:00,22432.2,22446.75,21905.65,21997.7,0
2024-03-14 00:00:00,21982.55,22204.6,21917.5,22146.65,0
2024-03-15 00:00:00,22064.85,22120.9,21931.7,22023.35,0
2024-03-18 00:00:00,21990.1,22123.7,21916.55,22055.7,0
2024-03-19 00:00:00,21946.45,21978.3,21793.1,21817.45,0
2024-03-20 00:00:00,21843.9,21930.9,21710.2,21839.1,0
2024-03-21 00:00:00,21989.9,22080.95,21941.3,22011.95,0
2024-03-22 00:00:00,21932.2,22180.7,21883.3,22096.75,0
2024-03-26 00:00:00,21947.9,22073.2,21947.55,22004.7,0
2024-03-27 00:00:00,22053.95,22193.6,22052.85,22123.65,0
2024-03-28 00:00:00,22163.6,22516,22163.6,22326.9,0
2024-04-01 00:00:00,22455,22529.95,22427.75,22462,0
2024-04-02 00:00:00,22458.8,22497.6,22388.15,22453.3,0
2024-04-03 00:00:00,22385.7,22521.1,22346.5,22434.65,0
2024-04-04 00:00:00,22592.1,22619,22303.8,22514.65,0
2024-04-05 00:00:00,22486.4,22537.6,22427.6,22513.7,0
2024-04-08 00:00:00,22578.35,22697.3,22550.35,22666.3,0
2024-04-09 00:00:00,22765.1,22768.4,22612.25,22642.75,0
2024-04-10 00:00:00,22720.25,22775.7,22673.7,22753.8,0
2024-04-12 00:00:00,22677.4,22726.45,22503.75,22519.4,0
2024-04-15 00:00:00,22339.05,22427.45,22259.55,22272.5,0
2024-04-16 00:00:00,22125.3,22213.75,22079.45,22147.9,0
2024-04-18 00:00:00,22212.35,22326.5,21961.7,21995.85,0
2024-04-19 00:00:00,21861.5,22179.55,21777.65,22147,0
2024-04-22 00:00:00,22336.9,22375.65,22198.15,22336.4,0
2024-04-23 00:00:00,22447.05,22447.55,22349.45,22368,0
2024-04-24 00:00:00,22421.55,22476.45,22384,22402.4,0
2024-04-25 00:00:00,22316.9,22625.95,22305.25,22570.35,0
2024-04-26 00:00:00,22620.4,22620.4,22385.55,22419.95,0
2024-04-29 00:00:00,22475.55,22655.8,22441.9,22643.4,0
2024-04-30 00:00:00,22679.65,22783.35,22568.4,22604.85,0
2024-05-02 00:00:00,22567.85,22710.5,22567.85,22648.2,0
2024-05-03 00:00:00,22766.35,22794.7,22348.05,22475.85,0
2024-05-06 00:00:00,22561.6,22588.8,22409.45,22442.7,0
2024-05-07 00:00:00,22489.75,22499.05,22232.05,22302.5,0
2024-05-08 00:00:00,22231.2,22368.65,22185.2,22302.5,0
2024-05-09 00:00:00,22224.8,22307.75,21932.4,21957.5,0
2024-05-10 00:00:00,21990.95,22131.3,21950.3,22055.2,0
2024-05-13 00:00:00,22027.95,22131.65,21821.05,22104.05,0
2024-05-14 00:00:00,22112.9,22270.05,22081.25,22217.85,0
2024-05-15 00:00:00,22255.6,22297.55,22151.75,22200.55,0
2024-05-16 00:00:00,22319.2,22432.25,22054.55,22403.85,0
2024-05-17 00:00:00,22415.25,22502.15,22345.65,22466.1,0
2024-05-18 00:00:00,22512.85,22520.25,22470.05,22502,0
2024-05-21 00:00:00,22404.55,22591.1,22404.55,22529.05,0
2024-05-22 00:00:00,22576.6,22629.5,22483.15,22597.8,0
2024-05-23 00:00:00,22614.1,22993.6,22577.45,22967.65,0
2024-05-24 00:00:00,22930.75,23026.4,22908,22957.1,0
2024-05-27 00:00:00,23038.95,23110.8,22871.2,22932.45,0
2024-05-28 00:00:00,22977.15,22998.55,22858.5,22888.15,0
2024-05-29 00:00:00,22762.75,22825.5,22685.45,22704.7,0
2024-05-30 00:00:00,22617.45,22705.75,22417,22488.65,0
2024-05-31 00:00:00,22568.1,22653.75,22465.1,22530.7,0
2024-06-03 00:00:00,23337.9,23338.7,23062.3,23263.9,0
2024-06-04 00:00:00,23179.5,23179.5,21281.45,21884.5,0
2024-06-05 00:00:00,22128.35,22670.4,21791.95,22620.35,0
2024-06-06 00:00:00,22798.6,22910.15,22642.6,22821.4,0
2024-06-07 00:00:00,22821.85,23320.2,22789.05,23290.15,0
2024-06-10 00:00:00,23319.15,23411.9,23227.15,23259.2,0
2024-06-11 00:00:00,23283.75,23389.45,23206.65,23264.85,0
2024-06-12 00:00:00,23344.45,23441.95,23295.95,23322.95,0
2024-06-13 00:00:00,23480.95,23481.05,23353.9,23398.9,0
2024-06-14 00:00:00,23464.95,23490.4,23334.25,23465.6,0
2024-06-18 00:00:00,23570.8,23579.05,23499.7,23557.9,0
2024-06-19 00:00:00,23629.85,23664,23412.9,23516,0
2024-06-20 00:00:00,23586.15,23624,23442.6,23567,0
2024-06-21 00:00:00,23661.15,23667.1,23398.2,23501.1,0
2024-06-24 00:00:00,23382.3,23558.1,23350,23537.85,0
2024-06-25 00:00:00,23577.1,23754.15,23562.05,23721.3,0
2024-06-26 00:00:00,23723.1,23889.9,23670.45,23868.8,0
2024-06-27 00:00:00,23881.55,24087.45,23805.4,24044.5,0
2024-06-28 00:00:00,24085.9,24174,23985.8,24010.6,0
2024-07-01 00:00:00,23992.95,24164,23992.7,24141.95,0
2024-07-02 00:00:00,24228.75,24236.35,24056.4,24123.85,0
2024-07-03 00:00:00,24291.75,24309.15,24207.1,24286.5,0
2024-07-04 00:00:00,24369.95,24401,24281,24302.15,0
2024-07-05 00:00:00,24213.35,24363,24168.85,24323.85,0
2024-07-08 00:00:00,24329.45,24344.6,24240.55,24320.55,0
2024-07-09 00:00:00,24351,24443.6,24331.9,24433.2,0
2024-07-10 00:00:00,24459.85,24461.05,24141.8,24324.45,0
2024-07-11 00:00:00,24396.55,24402.65,24193.75,24315.95,0
2024-07-12 00:00:00,24387.95,24592.2,24331.15,24502.15,0
2024-07-15 00:00:00,24587.6,24635.05,24522.75,24586.7,0
2024-07-16 00:00:00,24615.9,24661.25,24587.65,24613,0
2024-07-18 00:00:00,24543.8,24837.75,24504.45,24800.85,0
2024-07-19 00:00:00,24853.8,24854.8,24508.15,24530.9,0
2024-07-22 00:00:00,24445.75,24595.2,24362.3,24509.25,0
2024-07-23 00:00:00,24568.9,24582.55,24074.2,24479.05,0
2024-07-24 00:00:00,24444.95,24504.25,24307.25,24413.5,0
2024-07-25 00:00:00,24230.95,24426.15,24210.8,24406.1,0
2024-07-26 00:00:00,24423.35,24861.15,24410.9,24834.85,0
2024-07-29 00:00:00,24943.3,24999.75,24774.6,24836.1,0
2024-07-30 00:00:00,24839.4,24971.75,24798.65,24857.3,0
2024-07-31 00:00:00,24886.7,24984.6,24856.5,24951.15,0
2024-08-01 00:00:00,25030.95,25078.3,24956.4,25010.9,0
2024-08-02 00:00:00,24789,24851.9,24686.85,24717.7,0
2024-08-05 00:00:00,24302.85,24350.05,23893.7,24055.6,0
2024-08-06 00:00:00,24189.85,24382.6,23960.4,23992.55,0
2024-08-07 00:00:00,24289.4,24337.7,24184.9,24297.5,0
2024-08-08 00:00:00,24248.55,24340.5,24079.7,24117,0
2024-08-09 00:00:00,24386.85,24419.75,24311.2,24367.5,0
2024-08-12 00:00:00,24320.05,24472.8,24212.1,24347,0
2024-08-13 00:00:00,24342.35,24359.95,24116.5,24139,0
2024-08-14 00:00:00,24184.4,24196.5,24099.7,24143.75,0
2024-08-16 00:00:00,24334.85,24563.9,24204.5,24541.15,0
2024-08-19 00:00:00,24636.35,24638.8,24522.95,24572.65,0
2024-08-20 00:00:00,24648.9,24734.3,24607.2,24698.85,0
2024-08-21 00:00:00,24680.55,24787.95,24654.5,24770.2,0
2024-08-22 00:00:00,24863.4,24867.35,24784.45,24811.5,0
2024-08-23 00:00:00,24845.4,24858.4,24771.65,24823.15,0
2024-08-26 00:00:00,24906.1,25043.8,24874.7,25010.6,0
2024-08-27 00:00:00,25024.8,25073.1,24973.65,25017.75,0
2024-08-28 00:00:00,25030.8,25129.6,24964.65,25052.35,0
2024-08-29 00:00:00,25035.3,25192.9,24998.5,25151.95,0
2024-08-30 00:00:00,25249.7,25268.35,25199.4,25235.9,0
2024-09-02 00:00:00,25333.6,25333.65,25235.5,25278.7,0
2024-09-03 00:00:00,25313.4,25321.7,25235.8,25279.85,0
2024-09-04 00:00:00,25089.95,25216,25083.8,25198.7,0
2024-09-05 00:00:00,25250.5,25275.45,25127.75,25145.1,0
2024-09-06 00:00:00,25093.7,25168.75,24801.3,24852.15,0
2024-09-09 00:00:00,24823.4,24957.5,24753.15,24936.4,0
2024-09-10 00:00:00,24999.4,25130.5,24896.8,25041.1,0
2024-09-11 00:00:00,25034,25113.7,24885.15,24918.45,0
2024-09-12 00:00:00,25059.65,25433.35,24941.45,25388.9,0
2024-09-13 00:00:00,25430.45,25430.5,25292.45,25356.5,0
2024-09-16 00:00:00,25406.65,25445.7,25336.2,25383.75,0
2024-09-17 00:00:00,25416.9,25441.65,25352.25,25418.55,0
2024-09-18 00:00:00,25402.4,25482.2,25285.55,25377.55,0
2024-09-19 00:00:00,25487.05,25611.95,25376.05,25415.8,0
2024-09-20 00:00:00,25525.95,25849.25,25426.6,25790.95,0
2024-09-23 00:00:00,25872.55,25956,25847.35,25939.05,0
2024-09-24 00:00:00,25921.45,26011.55,25886.85,25940.4,0
2024-09-25 00:00:00,25899.45,26032.8,25871.35,26004.15,0
2024-09-26 00:00:00,26005.4,26250.9,25998.4,26216.05,0
2024-09-27 00:00:00,26248.25,26277.35,26151.4,26178.95,0
2024-09-30 00:00:00,26061.3,26134.7,25794.1,25810.85,0
2024-10-01 00:00:00,25788.45,25907.6,25739.2,25796.9,0
2024-10-03 00:00:00,25452.85,25639.45,25230.3,25250.1,0
2024-10-04 00:00:00,25181.9,25485.05,24966.8,25014.6,0
2024-10-07 00:00:00,25084.1,25143,24694.35,24795.75,0
2024-10-08 00:00:00,24832.2,25044,24756.8,25013.15,0
2024-10-09 00:00:00,25065.8,25234.05,24947.7,24981.95,0
2024-10-10 00:00:00,25067.05,25134.05,24979.4,24998.45,0
2024-10-11 00:00:00,24985.3,25028.65,24920.05,24964.25,0
2024-10-14 00:00:00,25023.45,25159.75,25017.5,25127.95,0
2024-10-15 00:00:00,25186.3,25212.05,25008.15,25057.35,0
2024-10-16 00:00:00,25008.55,25093.4,24908.45,24971.3,0
2024-10-17 00:00:00,25027.4,25029.5,24728.9,24749.85,0
2024-10-18 00:00:00,24664.95,24886.2,24567.65,24854.05,0
2024-10-21 00:00:00,24956.15,24978.3,24679.6,24781.1,0
2024-10-22 00:00:00,24798.65,24882,24445.8,24472.1,0
2024-10-23 00:00:00,24378.15,24604.25,24378.1,24435.5,0
2024-10-24 00:00:00,24412.7,24480.65,24341.2,24399.4,0
2024-10-25 00:00:00,24418.05,24440.25,24073.9,24180.8,0
2024-10-28 00:00:00,24251.1,24492.6,24134.9,24339.15,0
2024-10-29 00:00:00,24328.85,24484.5,24140.85,24466.85,0
2024-10-30 00:00:00,24371.45,24498.2,24307.3,24340.85,0
2024-10-31 00:00:00,24349.85,24372.45,24172.6,24205.35,0
2024-11-01 00:00:00,24302.75,24368.25,24280.2,24304.35,0
2024-11-04 00:00:00,24315.75,24316.75,23816.15,23995.35,0
2024-11-05 00:00:00,23916.5,24229.05,23842.75,24213.3,0
2024-11-06 00:00:00,24308.75,24537.6,24204.05,24484.05,0
2024-11-07 00:00:00,24489.6,24503.35,24179.05,24199.35,0
2024-11-08 00:00:00,24207.7,24276.15,24066.65,24148.2,0
2024-11-11 00:00:00,24087.25,24336.8,24004.6,24141.3,0
2024-11-12 00:00:00,24225.8,24242,23839.15,23883.45,0
2024-11-13 00:00:00,23822.45,23873.6,23509.6,23559.05,0
2024-11-14 00:00:00,23542.15,23675.9,23484.15,23532.7,0
2024-11-18 00:00:00,23605.3,23606.8,23350.4,23453.8,0
2024-11-19 00:00:00,23529.55,23780.65,23464.8,23518.5,0
2024-11-21 00:00:00,23488.45,23507.3,23263.15,23349.9,0
2024-11-22 00:00:00,23411.8,23956.1,23359,23907.25,0
2024-11-25 00:00:00,24253.55,24351.55,24135.45,24221.9,0
2024-11-26 00:00:00,24343.3,24343.3,24125.4,24194.5,0
2024-11-27 00:00:00,24204.8,24354.55,24145.65,24274.9,0
2024-11-28 00:00:00,24274.15,24345.75,23873.35,23914.15,0
2024-11-29 00:00:00,23927.15,24188.45,23927.15,24131.1,0
2024-12-02 00:00:00,24140.85,24301.7,24008.65,24276.05,0
2024-12-03 00:00:00,24367.5,24481.35,24280,24457.15,0
2024-12-04 00:00:00,24488.75,24573.2,24366.3,24467.45,0
2024-12-05 00:00:00,24539.15,24857.75,24295.55,24708.4,0
2024-12-06 00:00:00,24729.45,24751.05,24620.5,24677.8,0
2024-12-09 00:00:00,24633.9,24705,24580.05,24619,0
2024-12-10 00:00:00,24652.65,24677.8,24510.65,24610.05,0
2024-12-11 00:00:00,24620.5,24691.75,24583.85,24641.8,0
2024-12-12 00:00:00,24604.45,24675.25,24527.95,24548.7,0
2024-12-13 00:00:00,24498.35,24792.3,24180.8,24768.3,0
2024-12-16 00:00:00,24753.4,24781.25,24601.75,24668.25,0
2024-12-17 00:00:00,24584.8,24624.1,24303.45,24336,0
2024-12-18 00:00:00,24297.95,24394.45,24149.85,24198.85,0
2024-12-19 00:00:00,23877.15,24004.9,23870.3,23951.7,0
2024-12-20 00:00:00,23960.7,24065.8,23537.35,23587.5,0
2024-12-23 00:00:00,23738.2,23869.55,23647.2,23753.45,0
2024-12-24 00:00:00,23769.1,23867.65,23685.15,23727.65,0
2024-12-26 00:00:00,23775.8,23854.5,23653.6,23750.2,0
2024-12-27 00:00:00,23801.4,23938.85,23800.6,23813.4,0
2024-12-30 00:00:00,23796.9,23915.35,23599.3,23644.9,0
2024-12-31 00:00:00,23560.6,23689.85,23460.45,23644.8,0
2025-01-01 00:00:00,23637.65,23822.8,23562.8,23742.9,0
2025-01-02 00:00:00,23783,24226.7,23751.55,24188.65,0
2025-01-03 00:00:00,24196.4,24196.45,23976,24004.75,0
2025-01-06 00:00:00,24045.8,24089.95,23551.9,23616.05,0
2025-01-07 00:00:00,23679.9,23795.2,23637.8,23707.9,0
2025-01-08 00:00:00,23746.65,23751.85,23496.15,23688.95,0
2025-01-09 00:00:00,23674.75,23689.5,23503.05,23526.5,0
2025-01-10 00:00:00,23551.9,23596.6,23344.35,23431.5,0
2025-01-13 00:00:00,23195.4,23340.95,23047.25,23085.95,0
2025-01-14 00:00:00,23165.9,23264.95,23134.15,23176.05,0
2025-01-15 00:00:00,23250.45,23293.65,23146.45,23213.2,0
2025-01-16 00:00:00,23377.25,23391.65,23272.05,23311.8,0
2025-01-17 00:00:00,23277.1,23292.1,23100.35,23203.2,0
2025-01-20 00:00:00,23290.4,23391.1,23170.65,23344.75,0
2025-01-21 00:00:00,23421.65,23426.3,22976.85,23024.65,0
2025-01-22 00:00:00,23099.15,23169.55,22981.3,23155.35,0
2025-01-23 00:00:00,23128.3,23270.8,23090.65,23205.35,0
2025-01-24 00:00:00,23183.9,23347.3,23050,23092.2,0
2025-01-27 00:00:00,22940.15,23007.45,22786.9,22829.15,0
2025-01-28 00:00:00,22960.45,23137.95,22857.65,22957.25,0
2025-01-29 00:00:00,23026.75,23183.35,22976.5,23163.1,0
2025-01-30 00:00:00,23169.5,23322.05,23139.2,23249.5,0
2025-01-31 00:00:00,23296.75,23546.8,23277.4,23508.4,0
2025-02-01 00:00:00,23528.6,23632.45,23318.3,23482.15,0
2025-02-03 00:00:00,23319.35,23381.6,23222,23361.05,0
2025-02-04 00:00:00,23509.9,23762.75,23423.15,23739.25,0
2025-02-05 00:00:00,23801.75,23807.3,23680.45,23696.3,0
2025-02-06 00:00:00,23761.95,23773.55,23556.25,23603.35,0
2025-02-07 00:00:00,23649.5,23694.5,23443.2,23559.95,0
